{"cameraMode":{"drawMode":0,"name":"Shaded","section":"Shading Mode"},"sceneLighting":true,"audioPlay":false,"sceneViewState":{"m_AlwaysRefresh":false,"showFog":true,"showSkybox":true,"showFlares":true,"showImageEffects":true,"showParticleSystems":true,"showVisualEffectGraphs":true,"m_FxEnabled":true},"in2DMode":false,"pivot":{"x":0.23503249883651734,"y":-1.0831613540649415,"z":104.1812744140625},"rotation":{"x":-0.3712269067764282,"y":0.02091267704963684,"z":-0.008384549990296364,"w":-0.9283563494682312},"size":13.503679275512696,"orthographic":false}